{"cameraMode":{"drawMode":0,"name":"Shaded","section":"Shading Mode"},"sceneLighting":true,"audioPlay":false,"sceneViewState":{"m_AlwaysRefresh":false,"showFog":true,"showSkybox":true,"showFlares":true,"showImageEffects":true,"showParticleSystems":true,"showVisualEffectGraphs":true,"m_FxEnabled":true},"in2DMode":false,"pivot":{"x":-32.68961715698242,"y":0.1036459282040596,"z":-29.383527755737306},"rotation":{"x":-0.09666291624307633,"y":0.00704159727320075,"z":-0.0008312462014146149,"w":-0.9953820705413818},"size":6.399924278259277,"orthographic":false}