{"cameraMode":{"drawMode":0,"name":"Shaded","section":"Shading Mode"},"sceneLighting":true,"audioPlay":false,"sceneViewState":{"m_AlwaysRefresh":false,"showFog":true,"showSkybox":true,"showFlares":true,"showImageEffects":true,"showParticleSystems":true,"showVisualEffectGraphs":true,"m_FxEnabled":true},"in2DMode":false,"pivot":{"x":3.119995355606079,"y":20.091495513916017,"z":-7.953862190246582},"rotation":{"x":0.6558436751365662,"y":0.007095911540091038,"z":-0.007196042686700821,"w":0.7552034258842468},"size":20.01976203918457,"orthographic":false}