{"cameraMode":{"drawMode":0,"name":"Shaded","section":"Shading Mode"},"sceneLighting":true,"audioPlay":false,"sceneViewState":{"m_AlwaysRefresh":false,"showFog":true,"showSkybox":true,"showFlares":true,"showImageEffects":true,"showParticleSystems":true,"showVisualEffectGraphs":true,"m_FxEnabled":true},"in2DMode":false,"pivot":{"x":-38.511024475097659,"y":3.069125175476074,"z":-24.658687591552736},"rotation":{"x":-0.4220743775367737,"y":0.019959943369030954,"z":-0.009461818262934685,"w":-0.9063873887062073},"size":6.399924278259277,"orthographic":false}