{"cameraMode":{"drawMode":0,"name":"Shaded","section":"Shading Mode"},"sceneLighting":true,"audioPlay":false,"sceneViewState":{"m_AlwaysRefresh":false,"showFog":true,"showSkybox":true,"showFlares":true,"showImageEffects":true,"showParticleSystems":true,"showVisualEffectGraphs":true,"m_FxEnabled":true},"in2DMode":false,"pivot":{"x":1.0865147113800049,"y":16.603084564208986,"z":2.95670223236084},"rotation":{"x":0.652396559715271,"y":-0.013351045548915863,"z":0.010442245751619339,"w":0.7580655217170715},"size":20.01976203918457,"orthographic":false}