{"cameraMode":{"drawMode":0,"name":"Shaded","section":"Shading Mode"},"sceneLighting":true,"audioPlay":false,"sceneViewState":{"m_AlwaysRefresh":false,"showFog":true,"showSkybox":true,"showFlares":true,"showImageEffects":true,"showParticleSystems":true,"showVisualEffectGraphs":true,"m_FxEnabled":true},"in2DMode":false,"pivot":{"x":-0.06802500039339066,"y":4.479650974273682,"z":-2.5564091205596926},"rotation":{"x":0.5686925053596497,"y":-0.02837308868765831,"z":0.018623782321810724,"w":0.8221676349639893},"size":0.8704895377159119,"orthographic":false}